
Database             Time                 Version
-------------------- -------------------- ------------------------------
Start: ORCL          07-AUG-2022 15:38:30 Version 21.3.0.0.0

Elapsed: 00:00:00.00
Root name: S1-N0-1, Root id:          1
SQL_ID  8ztpyk3brsupd, child number 0
-------------------------------------
INSERT INTO MIN_TREE_LINKS SELECT /*+ gather_plan_statistics XPLAN_AMPL
*/ CASE WHEN LNK.NODE_ID_FR = MLP_CUR.NODE_ID THEN LNK.NODE_ID_TO ELSE
LNK.NODE_ID_FR END, MLP_CUR.NODE_ID, :B1 + 1 FROM MIN_TREE_LINKS
MLP_CUR JOIN LINKS LNK ON (LNK.NODE_ID_FR = MLP_CUR.NODE_ID OR
LNK.NODE_ID_TO = MLP_CUR.NODE_ID) LEFT JOIN MIN_TREE_LINKS MLP_PRI ON
MLP_PRI.NODE_ID = CASE WHEN LNK.NODE_ID_FR = MLP_CUR.NODE_ID THEN
LNK.NODE_ID_TO ELSE LNK.NODE_ID_FR END WHERE MLP_PRI.NODE_ID IS NULL
AND MLP_CUR.LEV = :B1 GROUP BY CASE WHEN LNK.NODE_ID_FR =
MLP_CUR.NODE_ID THEN LNK.NODE_ID_TO ELSE LNK.NODE_ID_FR END,
MLP_CUR.NODE_ID
Plan hash value: 3414462724
--------------------------------------------------------------------------------------------------------------------------------
| Id  | Operation                | Name           | Starts | E-Rows | A-Rows |   A-Time   | Buffers |  OMem |  1Mem | Used-Mem |
--------------------------------------------------------------------------------------------------------------------------------
|   0 | INSERT STATEMENT         |                |      1 |        |      0 |00:00:00.01 |      19 |       |       |          |
|   1 |  LOAD TABLE CONVENTIONAL | MIN_TREE_LINKS |      1 |        |      0 |00:00:00.01 |      19 |       |       |          |
|   2 |   HASH GROUP BY          |                |      1 |      1 |      0 |00:00:00.01 |      19 |   974K|   974K|          |
|*  3 |    HASH JOIN ANTI        |                |      1 |      1 |      0 |00:00:00.01 |      19 |  1476K|  1476K|  795K (0)|
|   4 |     NESTED LOOPS         |                |      1 |      3 |      2 |00:00:00.01 |      16 |       |       |          |
|*  5 |      TABLE ACCESS FULL   | MIN_TREE_LINKS |      1 |      1 |      2 |00:00:00.01 |       4 |       |       |          |
|*  6 |      TABLE ACCESS FULL   | LINKS          |      2 |      3 |      2 |00:00:00.01 |      12 |       |       |          |
|   7 |     TABLE ACCESS FULL    | MIN_TREE_LINKS |      1 |      1 |     12 |00:00:00.01 |       3 |       |       |          |
--------------------------------------------------------------------------------------------------------------------------------
Predicate Information (identified by operation id):
---------------------------------------------------
3 - access("MLP_PRI"."NODE_ID"=CASE "LNK"."NODE_ID_FR" WHEN "MLP_CUR"."NODE_ID" THEN "LNK"."NODE_ID_TO" ELSE
"LNK"."NODE_ID_FR" END )
5 - filter("MLP_CUR"."LEV"=:B1)
6 - filter(("LNK"."NODE_ID_FR"="MLP_CUR"."NODE_ID" OR "LNK"."NODE_ID_TO"="MLP_CUR"."NODE_ID"))
Note
-----
- dynamic statistics used: dynamic sampling (level=2)
Timer Set: Ins_Min_Tree_Links: 1, Constructed at 07 Aug 2022 15:38:30, written at 15:38:31
==========================================================================================
Timer                  Elapsed         CPU       Calls       Ela/Call       CPU/Call
------------------  ----------  ----------  ----------  -------------  -------------
Level: 0, nodes: 5        0.03        0.02           1        0.02700        0.02000
Level: 1, nodes: 4        0.00        0.00           1        0.00100        0.00000
Level: 2, nodes: 2        0.00        0.00           1        0.00100        0.00000
Level: 3, nodes: 0        0.00        0.00           1        0.00000        0.00000
(Other)                   0.33        0.33           1        0.33200        0.33000
------------------  ----------  ----------  ----------  -------------  -------------
Total                     0.36        0.35           5        0.07220        0.07000
------------------  ----------  ----------  ----------  -------------  -------------
[Timer timed (per call in ms): Elapsed: 0.01190, CPU: 0.01310]

PL/SQL procedure successfully completed.

Elapsed: 00:00:00.49

       LEV NODE_NAME                           NODE_NAME_PRIOR
---------- ----------------------------------- -----------------------------------
         0 S1-N0-1
         1 S1-N1-1                             S1-N0-1
         1 S1-N1-2                             S1-N0-1
         1 S1-N1-3                             S1-N0-1
         1 S1-N1-4                             S1-N0-1
         1 S1-N1-5                             S1-N0-1
         2 S1-N2-1                             S1-N1-1
         2 S1-N2-2                             S1-N1-2
         2 S1-N2-3                             S1-N1-4
         2 S1-N2-3                             S1-N1-5
         3 S1-N3-1                             S1-N2-1
         3 S1-N3-2                             S1-N2-3

12 rows selected.

Elapsed: 00:00:00.01
Minimum Path Tree
old   2:     SELECT &root_id_var, 1
new   2:     SELECT          1, 1

NODE_NAME                           NODE                                 LEV
----------------------------------- ----------------------------------- ----
S1-N0-1                             1                                      0
S1-N1-1                             ..2                                    1
S1-N2-1                             ....7                                  2
S1-N3-1                             ......10                               3
S1-N1-2                             ..3                                    1
S1-N2-2                             ....8                                  2
S1-N1-3                             ..4                                    1
S1-N1-4                             ..5                                    1
S1-N2-3                             ....9                                  2
S1-N3-2                             ......11                               3
S1-N1-5                             ..6                                    1
S1-N2-3                             ....9                                  2
S1-N3-2                             ......11                               3

13 rows selected.

Elapsed: 00:00:00.02

'END:'||TO_CHAR(SYSDATE,'DD-MON-YY
----------------------------------
End: 07-AUG-2022 15:38:31

